{
  "project_info": {
    "project_id": "deliveryapp-92ea7",
    "project_number": "79163714794",
    "name": "deliveryapp"
  },
  "client": [
    {
      "client_info": {
        "mobilesdk_app_id": "1:79163714794:android:fb5e25184ec16b38",
        "client_id": "android:edu.vesit.deliveryapp",
        "client_type": 1,
        "android_client_info": {
          "package_name": "edu.vesit.deliveryapp",
          "certificate_hash": []
        }
      },
      "oauth_client": [],
      "api_key": [],
      "services": {
        "analytics_service": {
          "status": 1
        },
        "cloud_messaging_service": {
          "status": 2,
          "apns_config": []
        },
        "appinvite_service": {
          "status": 1,
          "other_platform_oauth_client": []
        },
        "google_signin_service": {
          "status": 1
        },
        "ads_service": {
          "status": 1
        }
      }
    }
  ],
  "client_info": [],
  "ARTIFACT_VERSION": "1"
}